i,linkId,linkKey,senderSignature,url
0,0x326f6CEB2C6088e751C755aeeAC7CFF249F1a42d,0x575e47c8bbc0df550fcb4ef54677a7f506d8fe74bbfcdbecd4f173ca6349aee6,0x9048643f8a1770a24f498d59334b67232c676ba0efa7dd7c72190d4ad47eca30180420c12d39e15f8f9631642b7f12355cf2482e25d4b035f9aea682eb6d22941c,localhost://3000//#/receive?pk=0x575e47c8bbc0df550fcb4ef54677a7f506d8fe74bbfcdbecd4f173ca6349aee6&sig=0x9048643f8a1770a24f498d59334b67232c676ba0efa7dd7c72190d4ad47eca30180420c12d39e15f8f9631642b7f12355cf2482e25d4b035f9aea682eb6d22941c&c=0x405d966f9370d76cc3e0fbc76e38781f7a31ed32&n=3
1,0x9Ef525c2a27158dD1fD2E850400611e8cC251774,0xfdfd44dec2b931fc8d7a673fffd9f530313be94e785f0187e0c1256ee10a5d78,0x484fac487a993e0f9c7d4db5dacc6055993e6a9811adf77ae9c78b2e1351045e64fe7bb0549dd342e3cd1f1f2c996c6c8895e29a066af6d43ff50c76abd620301b,localhost://3000//#/receive?pk=0xfdfd44dec2b931fc8d7a673fffd9f530313be94e785f0187e0c1256ee10a5d78&sig=0x484fac487a993e0f9c7d4db5dacc6055993e6a9811adf77ae9c78b2e1351045e64fe7bb0549dd342e3cd1f1f2c996c6c8895e29a066af6d43ff50c76abd620301b&c=0x405d966f9370d76cc3e0fbc76e38781f7a31ed32&n=3
2,0x7D9e336d59C8A49081CF0aa6f980ca4CF7328857,0x0ae45ed1541c84b8f6cfc77ed38e349e8af85c812cb48d5ac1559c1f1323c595,0xab79f660145278fbb432d4d9cb803bd9172dfef43548a38453a4de165fdc3c6f16bce084a5412c26bf6e93a75a01dc1a037c49e24201224afee329c9264215f51c,localhost://3000//#/receive?pk=0x0ae45ed1541c84b8f6cfc77ed38e349e8af85c812cb48d5ac1559c1f1323c595&sig=0xab79f660145278fbb432d4d9cb803bd9172dfef43548a38453a4de165fdc3c6f16bce084a5412c26bf6e93a75a01dc1a037c49e24201224afee329c9264215f51c&c=0x405d966f9370d76cc3e0fbc76e38781f7a31ed32&n=3
3,0x5F5549a6d0A35d0e25250493c13Eb860040540ED,0xade3b0425f62153a36c4ddf70f8a6cdc047e45bc9e75f857f67d2bb408ce6089,0xfb932d599b10bf23b6aaf75ee9847033238f35bb937b836ba1f0a3ca0cd2635a52696faf9e2913bce6714ad021204500cb810a92fd2e5b743272d4dfc8dee6b51c,localhost://3000//#/receive?pk=0xade3b0425f62153a36c4ddf70f8a6cdc047e45bc9e75f857f67d2bb408ce6089&sig=0xfb932d599b10bf23b6aaf75ee9847033238f35bb937b836ba1f0a3ca0cd2635a52696faf9e2913bce6714ad021204500cb810a92fd2e5b743272d4dfc8dee6b51c&c=0x405d966f9370d76cc3e0fbc76e38781f7a31ed32&n=3
4,0xeA39f0aE7e6B00B77799182bBb407eDca46a174c,0x46fab91165676a437c5bb199e26601b50efc70b37f941d6670f029d5af4bf97b,0x192edc777da378f1e833bbbb8abf36f735e6e5f2977cb682d1b67c7ac4b147db43681f5c602f4c643885c1fde3d0197c4a371b2019706e55dc6b42bb18b7a9b41b,localhost://3000//#/receive?pk=0x46fab91165676a437c5bb199e26601b50efc70b37f941d6670f029d5af4bf97b&sig=0x192edc777da378f1e833bbbb8abf36f735e6e5f2977cb682d1b67c7ac4b147db43681f5c602f4c643885c1fde3d0197c4a371b2019706e55dc6b42bb18b7a9b41b&c=0x405d966f9370d76cc3e0fbc76e38781f7a31ed32&n=3
5,0xF646eeb90cb6379f03cc44b1126Fe313f30c5a2e,0x2241468d93a64a0dbc69355018d98db917346981532047aaad93af67f191bf28,0xca36d436a8f4f0aa4c00252dfb5867bac0a65a793d4a6a72124bba83d7dee727584fce48f14e0e6e65a38e01dc7b983614a343690dcbc9c8d14ada671e8150cf1c,localhost://3000//#/receive?pk=0x2241468d93a64a0dbc69355018d98db917346981532047aaad93af67f191bf28&sig=0xca36d436a8f4f0aa4c00252dfb5867bac0a65a793d4a6a72124bba83d7dee727584fce48f14e0e6e65a38e01dc7b983614a343690dcbc9c8d14ada671e8150cf1c&c=0x405d966f9370d76cc3e0fbc76e38781f7a31ed32&n=3
6,0x2d8Ab0Ef62D567804b663DE29DEEC6DBf9C81a90,0x265eaf0c25be03bb5d32870fb70e053add1d03466e0a1ce5ec5aee56d635361d,0x0194dc072595d25b5ced22628facf1bf0ddde06d1e3710c71ee55061ecb93bcf5eef0927e560e35cf2577ffc6afa37d48c0834f1d8812d61d3c2c3e274571dc41b,localhost://3000//#/receive?pk=0x265eaf0c25be03bb5d32870fb70e053add1d03466e0a1ce5ec5aee56d635361d&sig=0x0194dc072595d25b5ced22628facf1bf0ddde06d1e3710c71ee55061ecb93bcf5eef0927e560e35cf2577ffc6afa37d48c0834f1d8812d61d3c2c3e274571dc41b&c=0x405d966f9370d76cc3e0fbc76e38781f7a31ed32&n=3
7,0xBbB985B7899a260F82038206Ed9Ee54240840c3a,0x2548d7e445bebfb71f7e52b9ccf4a0a9c86d30b0a4b74fcc3736e1d5ca73158e,0xb3ea61b1436f103712224cf7e53bad0d8e1ec8824b06aabc7c414a3b051f50cb290510798fa5f9742e8dfa5cfbbfd69247344409c87c4c3c66feb41d145373201c,localhost://3000//#/receive?pk=0x2548d7e445bebfb71f7e52b9ccf4a0a9c86d30b0a4b74fcc3736e1d5ca73158e&sig=0xb3ea61b1436f103712224cf7e53bad0d8e1ec8824b06aabc7c414a3b051f50cb290510798fa5f9742e8dfa5cfbbfd69247344409c87c4c3c66feb41d145373201c&c=0x405d966f9370d76cc3e0fbc76e38781f7a31ed32&n=3
8,0x29beEAe7A48C08A24A08Ce40CbC764b5A42Fa9F4,0xea71ea776a6bf9ffbfe4d34bc04de818540aa9ba78c1c4d6cc831e6c11e9220c,0xc569c00ecf6341fa42309b4276fe3f7a987ddc7ce4bd058d0489ef2705672da9120379e8ead03fad2f03c04e9f0b41e8ee5545e0bd7eee091523e71cfbc20a5b1b,localhost://3000//#/receive?pk=0xea71ea776a6bf9ffbfe4d34bc04de818540aa9ba78c1c4d6cc831e6c11e9220c&sig=0xc569c00ecf6341fa42309b4276fe3f7a987ddc7ce4bd058d0489ef2705672da9120379e8ead03fad2f03c04e9f0b41e8ee5545e0bd7eee091523e71cfbc20a5b1b&c=0x405d966f9370d76cc3e0fbc76e38781f7a31ed32&n=3
9,0xf717703bE49Dd401fFee821e8D97F7eE1c13314B,0x4feed467d0475bca2fcdefea3a72ccf22878cb283cf4cc541785b9b8ff9bd4d4,0x60c200abad87901c881e354b1572399e91c67a8cd4011ac2aee837d8cf2a23dc3d31f7765488cb952cb4286189afd978ac80ab63c6fc77266691bb094cf389c51b,localhost://3000//#/receive?pk=0x4feed467d0475bca2fcdefea3a72ccf22878cb283cf4cc541785b9b8ff9bd4d4&sig=0x60c200abad87901c881e354b1572399e91c67a8cd4011ac2aee837d8cf2a23dc3d31f7765488cb952cb4286189afd978ac80ab63c6fc77266691bb094cf389c51b&c=0x405d966f9370d76cc3e0fbc76e38781f7a31ed32&n=3